product_id,product_price,product_quantity,customer_id,order_id,order_timestamp
PXAH,44.5,9,CLJC,OQYN,2023-03-16 10:42:22
PTYU,57.43,5,CUPH,OSFD,2023-07-27 21:00:50
PFTP,41.08,6,CGMC,ORXD,2023-06-21 00:47:26
PBIZ,44.75,2,CCEE,OPGH,2023-11-24 22:55:08
PERQ,99.24,10,CAHF,OJQA,2023-05-05 06:38:09
PKZE,45.86,10,CIZS,OUOO,2023-06-05 08:53:02
PSHR,24.93,10,CTRZ,ONYI,2023-11-17 12:43:36
PWKJ,86.74,4,CXIW,OICY,2023-04-15 11:28:33
PSQB,38.21,1,CRPN,OTSW,2023-07-31 07:39:29
PXUP,82.66,9,CCUV,OSMK,2023-10-29 23:18:13
PXBL,25.84,7,CZUB,OZVQ,2023-02-28 19:15:51
PDVB,20.8,7,CYBK,OERL,2023-07-15 17:00:47
PPGV,37.78,7,CVDH,OQDO,2023-04-16 15:43:23
PIXP,88.04,5,CUXC,OIIE,2023-07-13 11:55:27
POJS,44.83,4,CQOB,OWFG,2023-11-03 22:20:19
PUST,82.57,2,CJMF,OGJB,2023-06-06 05:52:13
PGVD,57.58,1,CSGP,OLTB,2023-01-06 02:56:46
PBXU,65.04,1,CVLO,OIFF,2023-11-24 08:00:52
PGDK,85.02,4,CKLT,ODGW,2023-03-02 08:40:59
PIUS,63.79,5,CEHK,ONLQ,2023-04-14 07:00:17
PBHD,73.0,7,CDVW,OELL,2023-07-25 21:18:49
PFTE,44.19,5,CHBM,OIHL,2023-09-09 12:43:48
PUSP,87.28,7,CPIG,OTHI,2023-05-23 10:19:19
PBFB,64.4,7,CVTP,OGMC,2023-09-09 06:29:26
PPUY,65.01,4,COOI,OUOM,2023-03-23 14:43:25
PXIG,48.8,9,CJWT,OTQH,2023-07-26 04:08:31
PSRB,61.77,6,CIAI,OEKK,2023-03-30 22:37:10
PGQT,93.48,9,CTWB,OYYG,2023-05-13 21:42:58
PTSR,78.49,9,COLR,OIYO,2023-12-08 16:03:57
PQCJ,50.64,3,CVAO,OXDW,2023-06-12 03:01:58
PUOC,79.05,8,CQWW,OKAU,2023-01-01 00:58:30
PTTG,38.71,10,CNOH,OEKF,2023-11-02 22:28:37
PWGT,29.79,3,CWUY,OWIT,2023-08-11 10:54:02
PLNF,26.04,4,CDLC,ORBW,2023-03-01 04:08:18
PDPE,37.16,5,CHCU,OYFF,2023-05-14 20:39:07
PDMW,69.99,9,CQGY,OKKD,2023-05-15 12:50:04
PZKX,77.83,4,CCBZ,OGXX,2023-08-24 17:19:56
PAAC,18.31,3,CWYK,ORQD,2023-05-06 03:42:21
PPKA,11.06,7,CEBE,ORYF,2023-09-11 01:02:15
POKJ,69.28,2,CLGK,OOGT,2023-07-04 17:51:05
PYFG,66.05,10,CLGT,OBDX,2023-05-21 21:51:00
PRRZ,88.21,2,CWIF,OYZB,2023-06-21 21:43:22
PHBX,70.6,3,CXRE,OPIF,2023-06-16 21:17:07
PLZE,78.45,8,CLGA,OWEW,2023-09-30 01:54:57
PIXP,73.95,7,CUOU,OUNJ,2023-06-14 08:34:18
PIXZ,44.55,6,CFOD,OFZC,2023-12-15 05:49:35
PUUW,13.15,9,CINA,OWEI,2023-09-27 20:30:29
PAPQ,18.68,4,CFYO,OWOC,2023-10-23 20:31:42
PZRX,31.79,1,CHAR,OMOJ,2023-01-23 07:53:49
PYZE,49.6,3,CUHZ,OIAK,2023-02-21 07:44:56
PMEN,78.79,6,CZFQ,OUHB,2023-11-28 18:20:53
PRHG,22.3,6,CNZN,OBDX,2023-10-03 18:26:13
PRDX,97.81,10,CKXK,OIUQ,2023-03-19 12:39:38
PYHK,41.69,6,CAZR,OQHW,2023-03-22 00:16:06
PSYU,74.17,6,CQWL,OXMH,2023-11-27 06:58:03
PSTF,38.57,3,CMYN,OONA,2023-04-26 11:46:45
PMTX,12.05,7,CQWL,OPIG,2023-10-08 18:44:35
PNAB,91.62,6,CUZB,OYMR,2023-11-25 16:07:17
PWBT,28.79,1,CZDA,OKSF,2023-01-24 18:23:56
PDDY,45.36,4,CJTC,OSLY,2023-01-06 06:10:47
PGUI,62.69,7,CFZS,OQYW,2023-11-20 15:12:49
PEDZ,68.02,7,CIIE,OJSF,2023-08-08 19:45:39
PXFT,55.02,8,CYBY,OYXQ,2023-05-02 02:54:50
PFEA,52.14,6,CKSK,OKZH,2023-07-25 09:06:53
POJE,88.4,6,CJKW,OHJJ,2023-08-04 19:46:40
PKSB,78.1,7,CTAI,ONRV,2023-10-26 07:40:44
PDHC,86.33,3,CRPO,OKOO,2023-06-08 08:04:38
PAES,79.88,3,CJOO,OCZZ,2023-03-09 13:57:41
PZPH,75.73,8,CFDT,OSKK,2023-08-19 05:23:35
PKVA,79.94,1,CVBY,OXRZ,2023-07-03 20:56:28
PIVF,10.95,2,CETZ,OIMH,2023-02-15 07:19:17
PGYX,53.13,7,CVAS,OWCE,2023-05-18 15:21:52
PMEY,21.61,5,CEFN,OKQT,2023-01-01 11:46:21
PGZP,71.82,8,CXNF,OIZG,2023-04-14 20:23:53
PJAF,56.03,1,CNXY,OZEX,2023-02-21 18:55:14
PLJY,49.98,4,CDYG,OWNL,2023-01-18 08:21:33
PNDO,55.51,7,CAOU,OXJY,2023-02-28 11:08:35
PZDD,40.8,7,CYPA,OBTA,2023-12-13 21:26:56
PAJC,89.95,9,CNGJ,OXBH,2023-08-08 13:10:25
PWTO,95.96,9,CPIR,ONDV,2023-05-18 03:16:54
PGBK,99.24,2,CPBF,OAOP,2023-02-08 18:23:25
PKNF,67.71,7,CIEK,OVGI,2023-11-08 17:12:52
PLRQ,78.81,7,CZCE,OLLM,2023-03-12 05:40:51
PVLA,59.76,5,CFAH,OVRD,2023-08-20 19:29:33
PDRR,89.43,2,CGJH,OIBQ,2023-11-19 20:24:19
PWQH,29.12,7,CAGG,OOQI,2023-05-31 16:42:19
PSRC,29.96,10,CRUX,OYEM,2023-03-06 03:02:02
PRUG,33.84,1,CJWT,OTKU,2023-09-27 11:46:52
PBUO,12.78,2,CZMV,OPLJ,2023-06-03 13:13:26
PHZD,94.53,3,CPCT,OTEO,2023-06-09 23:47:23
PRMS,12.32,4,CWGM,OLTL,2023-02-03 13:05:57
PXXH,69.75,2,CLBX,OFLX,2023-07-14 21:54:07
PPIJ,99.49,1,CLUR,ORQL,2023-10-31 11:57:53
PDBJ,17.04,9,CNYO,OJVX,2023-10-04 06:56:21
PVHS,28.46,10,CNFI,OHCT,2023-02-17 06:41:32
PGBL,21.38,8,CLEH,OKBU,2023-10-11 14:01:18
PJED,66.88,8,CLVK,OHKJ,2023-10-08 12:50:36
PUNH,60.91,1,CNZF,OHEZ,2023-04-26 01:26:37
PVYS,59.02,4,CDXZ,OTNL,2023-08-23 18:41:49
PCZX,44.72,1,CHTP,OBMG,2023-09-23 11:14:32
PXKC,82.67,6,CCGB,OSXI,2023-12-12 01:29:02
PDYT,34.98,10,CQKZ,ORQC,2023-08-24 17:59:10
PPFB,96.49,7,CBLZ,OLSF,2023-07-11 23:02:33
PYMF,41.06,3,CXMW,OIBC,2023-02-15 07:56:51
PCMS,21.12,10,CYOG,OTMO,2023-03-13 08:28:12
PNHA,80.84,7,CQQM,OTVD,2023-02-08 21:01:03
PPKQ,28.84,10,CJFQ,OTKI,2023-02-07 18:07:27
PRAD,66.04,2,CUQO,OKZM,2023-11-18 21:51:39
PVEF,26.19,6,CDCX,OILS,2023-07-12 22:18:06
PLNJ,12.22,4,CDTE,OJAR,2023-01-28 09:55:18
PHVF,17.55,3,CJGT,OBRT,2023-05-31 04:13:27
PGSW,56.63,3,CSQB,OOZI,2023-07-23 02:43:26
PHWF,25.6,8,CNNG,OMQV,2023-03-02 22:26:51
PSTA,27.29,7,CAJG,OVPL,2023-03-30 17:56:31
PMLJ,12.93,8,CSNO,ODTG,2023-09-10 08:37:35
PMYQ,21.85,10,CIDI,OHZF,2023-02-20 06:08:48
PCDF,98.19,2,CDPI,OFUQ,2023-08-26 15:03:52
PKVR,59.2,5,CFVD,ODLY,2023-08-20 13:31:03
PPDG,31.69,7,CIQG,OKGC,2023-06-12 04:56:58
PPDP,43.23,1,CEMT,OUXK,2023-05-24 17:22:07
PUZO,58.61,3,CDSE,OXXR,2023-03-15 03:48:49
PMYA,36.04,3,CLTK,ODCZ,2023-06-04 06:37:51
PFQX,35.59,4,CMGN,OUEM,2023-10-15 11:23:50
PLOY,81.26,8,CIBM,OMJW,2023-11-21 22:57:49
PZOV,92.06,1,CXQD,OLJN,2023-03-08 17:20:52
PSJO,35.86,8,CXHO,OVZL,2023-09-12 01:44:50
PFSH,17.52,4,COUD,OGDF,2023-08-20 13:28:18
PJUD,38.74,10,COLE,OZPB,2023-06-28 16:16:09
PFKG,43.6,7,CFFY,OLXL,2023-09-11 11:42:51
PEQC,63.17,2,CGCU,ONYV,2023-05-08 20:08:16
PBRG,97.76,6,CQSS,OQUH,2023-11-25 09:35:33
PTFP,24.88,5,CKNY,ORZM,2023-10-27 23:41:16
PFWL,35.65,4,CRVP,OHNW,2023-11-26 08:41:51
PLUY,88.91,10,CAHK,OLOF,2023-07-24 01:31:43
PCNH,63.37,7,CKUN,OAUE,2023-11-19 15:12:24
PBRE,44.67,7,CKUW,OKBD,2023-06-01 11:05:57
PTJM,40.68,2,CPCT,OLQB,2023-08-18 03:21:40
PNGT,92.74,5,CRQN,OCSH,2023-07-28 18:33:40
PEWN,20.25,5,CVZM,OFEP,2023-05-09 04:32:34
PYWN,84.79,2,COJK,OMTU,2023-09-21 23:51:24
PPTR,16.67,3,CBMZ,OOLZ,2023-10-31 05:01:07
PUNL,70.36,4,CCWP,ONHL,2023-12-08 00:42:39
PVHD,33.5,3,CLLH,OSXA,2023-01-22 21:57:43
PKFF,72.36,6,CMQQ,OWFG,2023-01-16 16:19:25
PZZK,21.1,10,CPAC,OEDC,2023-04-06 17:28:02
PQUW,39.07,6,CLYY,ONSE,2023-03-30 12:16:29
PISH,29.78,8,CTCU,OQFX,2023-06-27 04:04:34
PTSG,72.84,9,CDUK,OSQJ,2023-04-26 14:54:00
PHJM,22.53,10,CXZC,OKTJ,2023-06-30 14:38:33
PIYM,97.03,8,CYPD,OGTM,2023-12-07 15:13:21
PQGT,49.06,6,CREO,OFVL,2023-07-22 18:08:28
PJGG,56.39,1,CVSH,OWWW,2023-05-29 12:52:02
PWEK,83.67,4,CBEQ,OSFK,2023-03-04 05:33:58
PPMU,14.8,7,CQAB,ORGW,2023-01-08 22:33:23
PAZP,23.83,8,CPLD,OTKU,2023-10-14 02:36:24
PXKB,50.89,9,CEAV,OBOB,2023-11-11 04:04:14
PXNL,90.98,1,CYIV,OWPP,2023-04-08 02:27:24
PYAB,95.95,2,CKLF,OLHN,2023-10-08 00:21:26
PJYJ,33.5,8,CDGK,OJIW,2023-08-16 23:31:58
PAVB,79.49,3,CXUB,OSAC,2023-01-25 19:46:14
PAFL,35.9,6,CCMM,OAOB,2023-11-19 15:27:23
PODT,87.23,6,CETA,OAGE,2023-11-24 04:28:47
PAKB,56.62,9,CTYO,OQYE,2023-09-25 12:05:34
PNFC,72.31,3,CALF,OJCY,2023-12-30 01:52:29
PAGI,28.59,5,CIKC,OJHC,2023-04-22 15:00:38
PDKF,95.54,6,CMNA,OAOW,2023-12-25 14:24:30
PHWK,35.39,10,CCRQ,OEKS,2023-07-26 10:23:11
PXSM,40.32,10,COPN,OOEG,2023-04-10 08:00:22
PIXH,28.78,5,CJKL,OXQV,2023-09-30 07:18:03
PUSV,51.75,10,CLHW,OEMU,2023-06-24 17:18:12
PLDD,70.2,9,CCLX,OCTG,2023-01-21 09:39:00
PXOH,76.12,8,COIY,OUZD,2023-04-12 06:24:36
PCMV,69.03,3,CLDV,ODXG,2023-01-20 03:21:04
PLBG,98.52,5,CDUP,OOIC,2023-12-20 06:48:06
PEJQ,25.27,9,CAJN,OXQL,2023-04-11 18:00:29
PDQK,82.85,8,CULS,OSNG,2023-10-12 03:58:47
PPLI,27.33,7,COHI,OAHK,2023-12-26 14:22:24
PDYQ,75.88,6,CCCI,ODTC,2023-08-25 09:05:16
PVPW,16.08,8,CDPM,ODOI,2023-10-02 08:22:02
PFVK,83.17,9,COUN,OBQI,2023-01-11 16:22:13
PGDE,49.47,1,CGQG,OJTT,2023-08-13 01:56:48
PWGY,59.98,4,CZLE,OQLL,2023-06-04 22:45:49
PZBE,85.76,2,CHZR,OBYO,2023-02-21 03:51:35
PYAE,57.74,4,CDMV,OLPL,2023-09-19 23:06:43
PGMU,48.44,10,CBPI,OKPW,2023-10-17 01:06:23
PHHA,17.44,6,CERX,OWZH,2023-09-26 08:01:32
PTRX,77.42,3,CXBB,OVEX,2023-02-10 12:19:45
PXDN,30.64,2,CCJY,OAWO,2023-12-19 17:49:46
PMGB,53.35,5,CQMV,OUZK,2023-08-30 23:43:53
PCIS,87.86,7,CWRD,OWFF,2023-11-20 04:43:31
PYCJ,28.28,10,CVCW,OBDR,2023-01-18 12:39:53
PSKQ,86.28,5,CYQN,OSTG,2023-12-15 22:49:45
PHPT,38.62,9,CBXN,OUAT,2023-04-26 23:39:51
PSMJ,55.85,1,CHEE,OKXQ,2023-05-07 05:39:35
PGQR,21.29,2,CMSS,OADR,2023-08-24 11:00:40
PSHS,41.18,6,CUKT,OAPL,2023-02-09 02:59:35
PWUU,83.19,4,CSTE,OXBV,2023-07-08 21:35:56
PDNB,47.61,8,CXCM,ORWP,2023-02-01 03:59:57
PTCT,60.27,5,CUXR,OTWI,2023-01-11 19:53:05
PMJY,76.12,8,CQBA,OSCQ,2023-03-21 11:42:47
PXUU,73.67,6,CFIA,ONQM,2023-02-04 09:02:26
PXTE,16.68,9,CMDS,ORAU,2023-11-07 08:30:01
PJQA,52.3,8,CSFT,OOAO,2023-07-02 17:44:43
PUZO,18.56,6,CCLV,OUIF,2023-09-03 14:30:47
PEIC,83.56,2,CAZC,OBAU,2023-10-27 07:47:33
PKZK,72.15,8,CBWO,OZUL,2023-10-21 00:18:58
PTSW,40.62,10,CPRV,OLWL,2023-10-27 03:33:18
PFSA,43.14,6,CWTW,OFJB,2023-11-04 21:22:36
PAOB,65.16,9,CGWS,OVZC,2023-06-05 08:16:56
PYWG,28.06,3,CMTH,OWSU,2023-05-31 11:20:19
PXNB,60.97,1,CGJF,OSBI,2023-07-25 23:46:47
PGBJ,23.26,6,CLRU,OCOS,2023-09-19 04:52:53
PYQW,53.05,3,CDEU,OMQM,2023-10-03 18:03:51
PEYA,97.68,5,CJYN,OHWL,2023-10-12 02:07:16
PRMC,30.2,5,CHLH,OVSG,2023-04-14 14:04:30
PTZK,71.44,7,CLDT,OZXW,2023-03-13 18:14:29
PAAM,83.32,3,CZEW,OKCB,2023-07-03 15:26:46
PRAL,51.65,9,CTTF,OXDL,2023-07-20 14:16:15
PVBA,45.71,2,CIAN,ORAK,2023-11-06 03:41:40
PVTD,57.48,10,COXE,OEUQ,2023-11-09 09:05:57
POKW,52.1,3,CLLQ,OEXT,2023-03-11 03:37:21
PRBS,77.73,9,CUJE,OLXP,2023-01-03 21:39:29
POOM,38.0,3,CMIP,ODMF,2023-11-26 14:09:27
PMLL,40.23,5,CQVP,OQLV,2023-10-06 19:37:00
PFGZ,48.25,4,CMAK,OVPC,2023-05-22 16:30:42
PFJE,75.06,6,CYKO,OMRR,2023-12-21 14:18:10
PRHT,72.16,3,CHXN,OXBS,2023-01-18 01:08:18
POWX,69.18,8,CORQ,OBCR,2023-04-04 01:11:16
PWJF,65.13,9,CUMB,OPJJ,2023-05-30 21:24:07
PLAN,34.09,2,CSAF,OJQP,2023-10-03 21:08:24
PMDR,64.96,7,CUQE,ONAC,2023-03-27 00:18:13
POOH,84.62,3,CPPH,OZSI,2023-11-17 16:38:46
POKL,51.8,3,CPPN,OCWB,2023-01-03 02:31:00
PVHJ,65.89,7,CGRE,OJSG,2023-12-04 03:28:32
PDFA,93.53,3,CTXR,OZUX,2023-03-13 02:05:45
PQZO,30.68,4,CYWN,OIGB,2023-10-03 14:04:55
PIXS,91.12,9,CYLA,OJZR,2023-07-06 11:23:39
PRVX,47.43,1,CWVO,OFIX,2023-11-29 20:45:19
PVYK,94.97,2,CJWA,OBPB,2023-03-05 12:13:50
PEBP,80.64,3,CWBR,ODXU,2023-10-31 09:47:03
PCOC,29.36,4,COTL,OFME,2023-02-28 21:24:12
PGDX,84.33,10,CPCV,OVJB,2023-07-06 09:58:24
PVDV,71.66,1,CBTR,OKFG,2023-03-11 02:04:45
PBQZ,23.86,5,CVNW,OTGA,2023-06-27 12:07:55
PHID,69.13,4,CFGG,OKKQ,2023-04-04 08:08:11
POJM,34.47,7,CDXH,OMHC,2023-11-29 12:23:37
PLWE,71.25,4,CQNU,OTVV,2023-05-18 02:20:29
PAJD,70.8,6,CMLE,ONUM,2023-11-18 01:46:32
PXJR,37.95,4,CCSV,OONQ,2023-10-10 14:35:08
PUFI,10.18,8,CLJB,OOVN,2023-01-27 07:00:49
PXOI,37.44,5,CYGG,OLFQ,2023-03-07 17:32:00
PZKI,78.26,7,CIPD,OAYI,2023-12-13 05:10:48
PQVN,17.26,9,CPNQ,OQPK,2023-04-06 18:27:06
PHRV,21.77,1,CTCA,OHBQ,2023-05-20 13:55:06
POTI,66.88,4,CLTD,OTUE,2023-07-19 12:06:12
PPOK,94.72,6,CCWT,OJSM,2023-05-03 06:24:09
PUHD,55.88,10,CLTV,OHSJ,2023-11-05 23:49:50
PVSK,43.33,8,CUVM,OOQM,2023-09-06 19:24:48
PSIK,50.39,6,CUMX,OBWR,2023-01-16 19:17:19
PPBN,58.76,5,CYVZ,OQQF,2023-02-26 19:38:07
PSCE,21.45,4,CCWL,OHQB,2023-06-30 22:09:17
PFIW,86.18,1,CQPE,ODGE,2023-06-18 10:05:11
PWTU,67.16,10,CGGH,OPNK,2023-12-09 02:08:41
PPPW,53.85,4,CBDA,OQCM,2023-04-30 22:54:24
PBMP,75.35,4,CTIL,ODNY,2023-04-01 12:25:10
PVVG,11.33,1,CUIK,ONVI,2023-10-20 13:41:54
PFDO,70.11,5,CYJQ,OUQT,2023-10-18 05:05:01
PFZK,38.11,10,CJRP,OBZB,2023-06-05 16:48:16
PXEY,21.8,1,CWHP,ONYP,2023-08-25 20:43:21
PIIN,48.88,1,CMNY,OEHC,2023-01-23 08:30:06
PYOY,55.37,7,CXNL,OGRA,2023-09-07 03:01:28
PEVW,56.01,5,CPCA,OBVH,2023-11-05 15:38:19
PXZU,51.28,1,CDNC,OBTU,2023-05-09 01:15:11
PFSE,98.48,2,CYLZ,OUBR,2023-02-06 22:07:05
PIMK,82.42,3,CJLG,OCUL,2023-10-13 17:08:32
PIGB,15.83,7,CXIV,ODOB,2023-03-05 02:56:17
PJBI,63.68,8,CTGW,OFAT,2023-03-22 03:23:18
PEDD,88.27,8,CLMA,OTYZ,2023-12-16 23:50:14
PIWT,47.75,1,CWKM,OIFW,2023-11-19 02:20:05
PDFJ,82.19,5,CWFX,OZYY,2023-11-28 19:42:45
POHI,56.0,2,CPTQ,OFND,2023-07-09 06:47:19
PYHQ,94.96,7,CTEL,ONTZ,2023-05-17 06:46:16
PBAZ,35.08,8,CURQ,OEXK,2023-11-08 07:27:52
PMMK,57.85,8,CIJI,OCML,2023-06-12 01:15:17
PEXH,21.63,1,CUYX,OZSI,2023-09-12 05:51:09
PCQH,55.8,8,CMSM,OHFS,2023-04-03 17:10:00
PCXR,78.48,4,CKXC,OERJ,2023-05-17 01:38:19
PIER,31.8,5,CGSV,OFJY,2023-11-13 03:01:28
PLTZ,34.42,9,CTCB,ORYM,2023-11-07 06:56:26
PDVL,15.15,1,CGBJ,OHYH,2023-02-25 02:13:21
PXUM,22.04,10,CSHZ,OLCG,2023-10-16 23:31:47
PHLH,81.87,10,CYXQ,ODAX,2023-06-06 00:28:55
PTVA,86.76,2,CADQ,OGWN,2023-12-30 00:48:16
PAPT,72.98,7,CNRH,OOUO,2023-04-16 18:02:23
PSFN,56.28,6,CWGG,OQVT,2023-07-16 04:38:44
PXYO,54.53,3,CFVR,OVDW,2023-09-20 18:52:37
PUMZ,39.52,1,CKUH,ONID,2023-10-28 04:23:12
PAOZ,24.45,7,CFLN,OVUQ,2023-01-07 21:48:24
POYN,42.32,5,CMKB,OOMX,2023-10-10 14:17:42
PTMP,18.94,2,CHER,OSPD,2023-03-25 15:10:11
PFSO,47.1,5,CVJI,OSOY,2023-04-22 04:57:25
PYZL,35.89,8,CRFL,OOXB,2023-10-23 19:43:39
PHRR,86.19,9,COLB,OOEC,2023-11-01 09:01:04
PNAO,73.62,1,CBCV,ONND,2023-09-22 23:00:55
PXHX,51.62,2,CWFF,OVWT,2023-04-08 19:25:42
PAAE,67.54,10,CYIX,OZTE,2023-09-12 16:19:40
PPBV,44.45,1,CMHK,OETS,2023-01-23 10:51:59
POII,98.62,9,CDFL,OSSH,2023-05-12 09:05:45
PNLU,53.64,3,CMDL,OUHK,2023-09-04 10:32:43
PQJO,19.91,2,CVJW,OLTD,2023-05-30 17:12:41
PIBG,84.66,9,CIWO,OVSJ,2023-02-03 23:01:51
PEFW,80.26,8,COON,OOEO,2023-05-18 23:48:23
PQTZ,82.78,10,CZLJ,ODEB,2023-02-25 21:11:18
PULS,40.93,7,CMLD,OYRV,2023-12-18 17:02:12
PQML,39.95,6,CJTX,OHXL,2023-05-24 00:48:03
PCGK,18.07,4,CPQP,OPEY,2023-12-25 11:16:05
PFVG,35.14,1,CYNK,OJYQ,2023-10-14 10:51:54
PFOB,86.65,9,CHPA,OWLD,2023-06-20 21:56:17
PCPJ,63.6,8,CSST,OFBN,2023-08-03 23:10:57
POFU,24.61,6,CMQA,OUDB,2023-06-30 03:51:29
PKFO,15.73,10,CEIX,OPNV,2023-09-21 08:05:55
PJDW,43.19,4,CGYD,OBDR,2023-04-18 07:46:39
PBEZ,39.53,4,CCXT,OYPT,2023-02-16 03:57:06
POQB,88.31,5,CESK,OHAS,2023-07-20 14:10:40
PPLO,35.66,4,CJRB,OWAJ,2023-12-27 02:49:31
PPDK,71.93,4,CNZV,OHKZ,2023-08-29 08:36:48
PXLJ,46.66,4,CBLH,OYNE,2023-01-28 02:29:15
PHFZ,25.36,4,CHTQ,ONEY,2023-07-14 06:17:08
PCJP,28.71,10,CTIF,OOAP,2023-10-25 09:25:52
PHPC,17.16,9,CAXU,OFUY,2023-09-30 11:11:56
PPTW,94.14,3,CEGQ,OWMQ,2023-09-02 01:23:52
PGTW,52.11,3,CWBI,OQXA,2023-08-31 11:40:53
PXRP,55.25,4,CUNF,OSWJ,2023-03-12 23:31:20
PLWL,56.57,4,CKGG,OYVX,2023-05-12 17:49:42
POOG,10.02,10,CTUH,OEAH,2023-11-07 11:29:16
PGTZ,56.49,1,CXJW,OLWC,2023-10-08 07:27:42
PSZX,96.77,2,CNHJ,OMZS,2023-08-01 17:06:21
PEYL,65.06,9,CTDU,OEZX,2023-04-07 06:01:50
PXIW,80.84,7,COHK,OFXO,2023-08-26 07:58:11
PLPY,95.8,5,CYXY,OHWZ,2023-02-14 17:16:27
PBRK,34.66,5,CQVD,OAJJ,2023-10-27 17:16:11
PGVX,45.65,6,CCHU,OKUK,2023-08-27 22:41:56
PPJN,22.02,7,CJCP,OBXN,2023-12-29 12:04:33
PFTS,31.75,7,CGDT,OOLZ,2023-05-09 17:02:53
PRIE,60.33,8,CVHU,OUIJ,2023-04-09 09:17:05
PGCE,91.82,2,CZVQ,ONAP,2023-03-08 04:35:29
PGML,30.03,2,CSHT,OYCS,2023-08-04 01:11:52
PVNL,27.46,7,CXCA,OFVA,2023-02-22 16:02:33
PNOW,95.71,8,CGJX,OYMT,2023-02-03 23:21:01
PTMW,10.51,8,CQEV,ODZH,2023-10-18 17:47:02
PJLL,40.34,3,CYIN,OAHA,2023-02-24 22:49:07
PBDL,84.77,4,CBQF,OJBM,2023-06-11 20:45:14
PUSC,72.89,4,CZTW,OXGL,2023-11-15 05:56:39
PENU,80.12,6,CIWP,OIGF,2023-11-22 16:33:28
PAKJ,76.54,4,CUWC,OHVF,2023-05-16 02:54:40
PREW,96.09,4,CDKC,ODHZ,2023-08-28 08:57:01
PLDR,78.29,8,CCSL,OTKC,2023-08-30 18:09:14
POWE,76.48,6,CPSA,OTES,2023-07-13 01:59:58
PQUW,18.27,8,CGBY,OMFY,2023-09-21 16:33:12
PEAY,71.44,3,CJMN,OCQY,2023-02-08 17:31:48
PIVT,18.42,9,CQIT,OHLB,2023-12-08 18:53:26
PRPU,30.94,10,CEZQ,OHYV,2023-10-19 18:15:45
PPHZ,73.2,8,CRIG,OXQW,2023-01-18 04:46:05
PCGZ,46.81,1,CJKZ,ONMB,2023-04-10 07:42:23
PIXZ,34.95,3,CXRX,OYCC,2023-11-07 00:58:50
PTRZ,58.28,10,CUKT,OHEE,2023-12-22 19:25:07
PJDE,15.89,8,CJBP,OOAV,2023-08-14 22:03:14
PECF,21.23,5,CIMM,OXQD,2023-05-04 11:37:44
PTQB,13.3,7,CWNH,ORKH,2023-01-12 02:57:47
PDRD,39.55,4,CKLY,OISP,2023-12-11 17:20:18
PQCC,73.76,3,CTKX,OVDM,2023-07-15 04:57:55
PBJN,80.86,7,CFXE,OIPU,2023-09-13 20:02:00
PDZT,59.02,4,CPEB,OWZA,2023-10-29 17:38:26
PKGT,27.4,10,CKLC,OFCV,2023-10-06 14:44:42
PEZI,20.91,4,CMHE,OSRQ,2023-03-28 02:43:04
PGDU,15.14,5,CRMR,ONBI,2023-03-16 19:05:58
PJSM,41.7,10,CCJB,OUYV,2023-01-10 16:38:44
PIFL,72.56,9,CNPQ,OZJC,2023-10-17 01:21:38
PCLK,85.14,6,CMNZ,OBGT,2023-05-19 00:25:03
PGSI,25.71,2,CGQF,OTMR,2023-09-27 06:21:16
PIBA,57.09,2,CMSS,OPBI,2023-07-02 18:41:38
PQPB,49.15,7,CVST,OUOE,2023-08-01 09:59:10
PGKD,34.87,7,CSTJ,OHFG,2023-06-04 08:54:06
PMOE,45.67,7,CYSO,OFUU,2023-05-08 18:31:39
PDXG,39.08,7,CYKA,OCBC,2023-09-04 12:41:31
PJBD,50.96,2,CCOZ,OFYM,2023-05-19 16:24:25
PYCG,12.27,10,CRNQ,OTDV,2023-05-08 02:37:35
PARD,21.14,6,CFNW,OSQZ,2023-02-15 17:28:01
PDZY,84.18,4,CMEQ,OBXB,2023-09-07 03:09:34
PGBM,65.16,3,CLNG,OXPS,2023-07-29 15:18:11
PLYM,23.96,7,CDRA,OJOS,2023-02-19 19:27:32
PSCT,20.97,1,CXAT,OWCJ,2023-03-21 14:01:09
PJXD,58.89,8,CTIR,OKIX,2023-05-21 00:00:15
PKTQ,84.12,1,CDST,ODUV,2023-08-26 06:09:43
POYW,29.82,7,CQUR,OZZA,2023-05-12 11:36:29
PNBP,71.86,4,CROV,OZLB,2023-11-17 16:20:50
PEAU,74.82,5,CADK,ONLB,2023-11-14 09:42:18
PEWW,76.78,4,CZDB,OVKH,2023-10-02 20:24:05
PNQR,90.83,3,CALS,OHMK,2023-12-21 22:55:49
PFFX,28.33,4,CKHT,OYJC,2023-06-24 12:20:29
PZMR,95.8,7,CXXX,OXQH,2023-09-06 23:35:34
PAKP,66.59,8,CUXO,OTLM,2023-09-11 13:26:16
PKYV,95.67,5,CMJX,OOPA,2023-01-13 17:33:55
POQC,83.06,5,CAXK,OUKU,2023-01-20 12:05:45
PUPB,32.94,5,CSKA,ORFZ,2023-12-10 21:56:17
PAGW,73.9,6,CXWI,OXTJ,2023-10-19 15:14:07
PKEN,34.77,5,CAMG,OECT,2023-11-30 07:57:04
PNCS,74.72,1,CARU,OEGI,2023-05-11 11:15:24
PRTI,31.0,10,CHOM,OVNZ,2023-06-26 22:08:40
PQYI,49.96,8,COUO,OEIZ,2023-10-28 16:47:31
PERV,42.45,5,CDJZ,OOLF,2023-08-03 23:40:47
POMC,28.09,9,CKOU,OMBX,2023-03-25 11:27:51
PBNF,90.91,7,CNLU,OVKT,2023-07-12 19:12:06
PSIE,35.34,3,CMER,OGOG,2023-08-09 12:32:30
PSAB,66.76,10,CORN,OWUS,2023-01-26 14:33:16
PQQD,33.69,10,CJGG,OQZV,2023-12-05 05:03:53
PFAR,40.58,5,CYUB,OBJG,2023-08-21 08:10:56
PMRE,45.23,1,CGZB,OTMX,2023-11-07 11:32:07
PIYF,92.94,10,CCFQ,ORTB,2023-10-22 21:59:33
PFGP,53.33,4,CCNX,OQUW,2023-01-28 14:33:28
PXMB,65.32,3,CZFI,OTYV,2023-04-10 19:55:32
PIYY,20.24,1,CMAP,OYEM,2023-05-28 20:38:41
PWVH,28.55,6,CWZH,OSMB,2023-08-11 07:15:18
PTST,66.87,5,CKSQ,OCKH,2023-11-16 08:18:59
PSOD,39.19,8,CYIZ,OCCT,2023-12-10 21:04:49
PRDE,45.81,6,CHLE,OBIR,2023-09-17 16:06:05
PBWN,26.32,4,CXAS,OVWL,2023-07-28 19:23:29
PPHI,40.48,1,CFCV,OPMO,2023-02-06 11:52:11
PMTQ,68.23,3,CJIL,OBOV,2023-08-28 23:11:26
PVFN,33.13,1,CMXP,OTDH,2023-04-19 11:44:22
PFQK,90.75,9,CKKI,OHMA,2023-08-30 10:01:37
PIHD,43.07,10,CJIN,OIKU,2023-11-02 13:27:08
PFYZ,38.83,5,CSUY,OUBL,2023-03-12 03:05:24
POXQ,43.03,7,CHHW,OLDY,2023-10-25 02:01:01
PBSP,31.82,6,CCKE,OMNG,2023-05-09 01:37:29
PWRQ,29.25,2,CROW,OHXN,2023-01-21 02:29:17
PRVK,90.35,7,CAST,OFLF,2023-09-27 17:39:46
PZAZ,46.81,8,CNQT,OVSV,2023-09-15 09:56:09
PBSH,21.71,1,CSUE,OIAE,2023-10-16 23:19:25
PSKL,54.72,2,CXVC,OGZL,2023-06-19 20:23:55
PXKO,62.48,7,CNRD,OQUF,2023-01-21 12:34:28
POKH,92.29,1,CRZJ,OPXH,2023-10-27 14:50:47
PPXZ,31.57,3,CGXF,OIQH,2023-06-28 21:09:52
PWJZ,88.31,1,CFTH,OEEQ,2023-05-25 03:11:12
PHXR,20.88,4,CNWY,OMGS,2023-01-13 02:33:23
PNFP,71.35,6,CDNG,OMNB,2023-03-04 19:07:20
PHUD,50.48,4,CJRH,OMHL,2023-01-23 21:35:35
PDKK,60.48,8,CSZL,OFJE,2023-03-09 21:54:53
PRTD,68.36,8,CLRY,OGUY,2023-02-02 18:21:22
PQEQ,15.3,8,CUAT,OVUM,2023-02-14 20:18:48
PLAC,18.46,10,CQIS,OBZK,2023-04-27 09:08:07
PTYP,33.47,3,CCOW,ONIM,2023-09-21 22:41:54
PEGB,29.83,3,CHRG,OYRF,2023-02-09 01:49:50
POXG,21.0,5,CBLF,OTCK,2023-01-18 16:08:15
PCVC,48.54,5,CIFL,OEMR,2023-11-25 11:39:16
PZUA,29.41,3,CTCT,OYEA,2023-12-26 15:47:17
PEVP,50.43,10,CALX,OBTD,2023-06-27 13:55:10
PBEO,41.26,7,CKBQ,OKXB,2023-07-15 19:40:15
PLPF,30.2,2,CWPV,OQGP,2023-06-28 10:42:01
PRRT,95.03,1,CVOU,OHIU,2023-09-30 07:17:49
PORB,16.2,7,CQHA,OZNJ,2023-06-25 05:14:32
PJZP,94.17,7,CJES,ORQP,2023-09-25 07:04:23
PCZI,78.86,10,CZFY,OIHE,2023-05-30 05:24:23
PKLK,85.61,2,CFPR,ORZH,2023-11-01 13:16:07
PJIG,28.85,7,CBSI,OUZB,2023-04-01 04:54:54
PDGV,71.32,1,CLPX,OCYI,2023-04-23 02:02:10
PBPG,63.44,3,CQOD,OZHH,2023-09-22 07:11:37
PZXQ,35.64,9,CQWR,OGZW,2023-09-04 18:23:55
PWML,48.02,5,CWTZ,OARI,2023-11-12 20:31:45
PQRZ,60.59,5,CSWP,OUWN,2023-06-15 20:39:52
PBMN,50.54,5,CWYG,OJNU,2023-07-09 21:00:49
PLHM,65.75,1,CQVZ,OJKJ,2023-10-21 08:54:49
PBSP,19.5,10,CKGR,OJLZ,2023-03-01 13:21:54
PWIO,78.89,5,CUXK,OUGM,2023-06-11 00:21:19
PUYU,96.63,2,CSSA,OXOP,2023-08-19 18:35:11
PFVT,69.0,3,CICD,ONAP,2023-12-28 12:20:08
PHUY,82.54,2,COJS,OEPH,2023-11-14 19:26:39
PFAC,57.93,6,CMFO,OQAH,2023-05-09 06:14:22
PFCD,91.44,2,CFGR,OMGC,2023-11-14 21:42:34
PBFC,27.04,1,CGJB,OPLA,2023-11-29 18:56:43
PFBO,36.45,1,CVTU,OVEQ,2023-07-25 13:29:01
PYME,43.14,10,CQQK,ORMV,2023-03-25 03:32:11
PVHC,53.43,3,CSDW,OWOS,2023-12-06 16:05:50
PKPJ,53.61,7,CTLM,OOID,2023-10-03 03:40:48
PAIO,78.42,9,COOV,OZKJ,2023-09-13 07:22:56
PLOS,16.12,6,CSIV,OTRR,2023-03-17 11:36:37
PMIX,94.13,3,CLAW,OLQY,2023-02-07 17:22:22
PPGP,31.98,7,CGEX,ORLZ,2023-09-03 14:58:18
PNYI,30.33,1,CJRN,OQTB,2023-12-06 18:02:00
PMHM,47.11,3,CGTD,OOGO,2023-06-12 05:24:52
PVGW,99.02,3,CNUI,OTVV,2023-12-25 02:57:02
PHCR,78.81,8,CLVG,OKPY,2023-03-03 08:41:20
PMIS,10.47,9,CKSN,ONJX,2023-04-09 17:05:36
PXZG,54.4,6,CLPG,OIXI,2023-12-17 20:07:14
PUKB,18.33,2,CRBC,OXHT,2023-02-08 11:16:59
POSR,95.27,1,CQFO,OPSO,2023-06-30 02:34:56
PHUC,98.18,4,CRIE,OWFY,2023-12-27 23:15:38
PIHF,80.61,2,CHEK,OVIE,2023-09-23 01:57:24
PPEU,24.72,9,CRUE,OTAE,2023-10-30 11:52:18
PDTE,92.44,3,CQIY,OIVH,2023-04-08 07:15:09
PRCP,26.62,9,CIQY,OBLJ,2023-12-24 10:02:48
PSRG,47.67,3,CYJQ,OYOE,2023-03-21 09:21:02
PVDL,72.47,1,CNUE,OKIJ,2023-06-17 15:45:14
PLXW,75.16,6,CTWV,OCOM,2023-05-11 20:50:41
PATB,80.8,7,CEAX,OJWU,2023-10-27 03:03:12
PMOU,39.42,4,CXOU,OBZX,2023-04-01 23:59:45
PQUL,27.52,1,CMNK,ONWS,2023-10-17 17:23:20
PYTP,65.54,10,CSQJ,OYQZ,2023-07-19 23:57:07
PYZM,57.13,1,CZMU,OWCE,2023-07-16 13:17:37
PZHB,77.19,1,CAJH,OZAD,2023-02-13 05:17:12
PQQJ,87.91,8,CQAJ,OSMC,2023-08-23 02:47:51
PPIU,73.71,1,CTYA,OCNS,2023-11-04 23:16:47
PANN,92.39,6,CPNT,OXUM,2023-08-30 12:00:44
PNGN,55.36,4,CDKC,OOTT,2023-10-20 17:59:45
PMGS,99.45,8,CBZY,OKGS,2023-01-15 04:39:05
POUO,84.96,9,CXUU,OCJJ,2023-07-04 16:09:35
PCNW,19.85,3,CXUJ,OOLO,2023-06-07 10:39:41
PRJJ,88.08,8,CIKW,OVTZ,2023-10-03 15:44:41
PBKV,50.2,6,CFIH,OOAV,2023-08-17 18:05:49
PTHF,96.86,8,CIAA,OPLW,2023-07-10 00:52:34
PDMX,88.98,9,CNHF,OPZQ,2023-10-23 00:53:15
PZWU,69.63,8,CFIB,OZEC,2023-11-23 05:40:09
PMDC,36.05,1,CQTE,ODWU,2023-04-16 18:09:46
PXHZ,11.42,8,CJXN,OVWD,2023-06-19 02:44:00
POMK,65.17,6,CTCS,OMZS,2023-11-22 16:32:56
PGGH,68.11,7,CMZJ,OEZP,2023-10-22 14:53:04
PSDQ,19.6,8,CTXS,OREK,2023-09-25 12:17:34
PMZS,26.69,8,CAPV,OLHB,2023-01-21 15:17:41
PZPX,63.75,9,CVKB,OLTI,2023-04-29 19:28:23
PJCT,47.88,9,CEKA,OMRI,2023-02-20 20:30:07
PJPB,46.13,9,CQMG,OCLK,2023-04-18 01:15:43
PBTQ,99.18,10,CUHN,OWWP,2023-12-26 12:09:32
PDQV,88.49,1,CZGH,OJNS,2023-12-25 07:37:47
PLSA,43.02,8,CCNG,OLLK,2023-03-21 11:07:07
PIWI,46.92,3,CXYM,OFHJ,2023-11-08 05:09:14
PNHN,85.99,9,CRWR,OIIT,2023-12-03 00:49:05
PULF,58.75,2,CGSW,OSPH,2023-10-28 01:45:10
PJBI,15.6,4,CSQI,OSRH,2023-06-14 11:15:12
PEAI,52.28,6,CPWZ,OETM,2023-04-25 15:39:13
PEFR,47.91,4,CODV,OQTP,2023-05-19 18:20:16
PEEQ,60.62,7,CUDC,OIIR,2023-12-25 09:30:48
PIAI,21.51,5,CBGM,ODHZ,2023-01-22 20:51:25
PGBZ,40.38,1,CZWB,OQZM,2023-09-20 12:22:47
PYHA,39.61,5,CRMP,OLYC,2023-12-09 19:09:27
PBRA,56.28,9,CNMJ,OAGT,2023-01-06 17:26:01
PZIR,59.72,7,CJUG,OXYC,2023-11-04 13:12:05
PJCZ,92.98,2,CTAT,OPAF,2023-05-23 07:47:34
PGGC,90.22,4,CFQP,OEPG,2023-06-02 05:48:13
PUGP,31.77,7,CROT,OSQO,2023-02-21 22:42:33
PUUH,76.52,7,CXSB,ODUZ,2023-07-01 16:46:35
PADI,40.52,7,CRGV,OKEX,2023-12-19 15:43:15
PKBW,32.18,8,CFCX,OKQN,2023-06-02 11:49:57
PMOU,85.16,1,CKOG,OTHU,2023-02-16 11:15:02
PAMT,87.61,3,CXQZ,OBUY,2023-06-13 02:30:49
PHGS,11.87,8,CDPW,OWFC,2023-01-14 01:10:06
PMRA,33.28,7,CFOX,OTYT,2023-07-09 18:51:05
PZBW,26.51,1,CXNO,OOEJ,2023-07-08 09:30:41
PKQH,94.94,7,CRHJ,OMIO,2023-05-09 06:09:18
PJPR,66.47,6,CESM,OKFM,2023-11-02 03:40:47
PAUX,17.99,8,CBCM,OWFZ,2023-02-19 22:24:16
PZGC,67.44,4,CHFU,OVGD,2023-01-18 13:24:43
PPCP,72.2,9,CZDG,ONJI,2023-08-21 22:27:07
PNMU,40.06,6,CHGV,ODQR,2023-02-11 02:19:25
PZMC,14.41,3,CZXL,OECS,2023-10-28 11:48:46
PHCB,41.83,8,CYBJ,OGDV,2023-05-29 05:09:50
PSOP,28.13,9,CADP,OGXE,2023-07-08 12:29:44
PRQN,21.4,10,CKCJ,ORNA,2023-04-04 13:44:09
PMWY,99.83,6,CYLT,OFDD,2023-10-15 00:06:44
PNDZ,37.69,8,CTDO,ODFQ,2023-11-12 07:26:37
PGOH,87.71,5,CRHO,ORCX,2023-09-21 10:11:59
PUAJ,62.28,9,CDXZ,ONFP,2023-12-01 08:22:28
PRGZ,28.95,9,CKNK,OYTO,2023-12-30 23:01:43
PKEF,74.45,1,CLXI,OQID,2023-08-06 05:24:50
PIVF,26.5,4,CCNC,ODNV,2023-08-02 06:55:20
PRUK,29.3,8,CYTL,OOHO,2023-12-15 02:21:03
PMUF,59.03,1,CJII,OBIW,2023-02-12 03:09:59
POGS,96.45,6,CUYG,OHGH,2023-11-22 05:52:40
PNAD,78.81,5,COSB,OAQW,2023-12-05 08:56:25
PBBM,42.78,9,CMIE,OZJI,2023-10-14 22:23:40
PETG,63.48,3,CFIM,OWYG,2023-12-14 13:11:34
PSHL,66.18,4,CTYM,OJWI,2023-07-17 22:20:51
PLCF,50.82,6,CTVP,OONY,2023-06-29 14:44:19
PGKF,31.42,2,CZDJ,OCDO,2023-01-11 07:18:45
PBCX,27.06,4,CUFF,OUWM,2023-06-11 01:28:36
PNQP,41.61,6,CJFH,OISV,2023-05-01 13:43:44
PUWK,19.69,9,CUTB,OVHS,2023-05-28 19:55:24
PRIO,58.3,4,CYOS,OOQN,2023-01-28 18:17:38
PUYS,28.78,8,CQGL,OTOY,2023-09-24 13:06:34
PRSW,47.2,6,CMZM,OKBQ,2023-02-11 18:12:53
PCAP,50.78,9,CULM,OXAF,2023-10-16 07:35:21
PRPI,15.62,1,CKND,OPPR,2023-06-06 19:44:43
PKVJ,79.41,8,CHRQ,OJUK,2023-03-12 03:08:42
PUAV,82.62,10,CCJM,OBKB,2023-02-22 20:08:34
PBMA,52.54,3,CXHM,ORMH,2023-09-22 12:04:11
PJYB,68.79,1,CIZC,OCMY,2023-06-30 04:08:04
PQBZ,69.82,9,CCPN,ONJG,2023-04-02 10:02:23
PIGP,94.72,1,CCQQ,OYLI,2023-04-26 02:38:26
PZLK,20.07,3,CGLU,OLOG,2023-11-11 06:09:08
PRTS,95.92,1,CDQU,OSFI,2023-05-22 10:23:22
PASR,45.57,10,CZIQ,OOQX,2023-07-22 14:00:47
PFER,95.03,1,CMFS,OHYV,2023-08-28 15:19:32
PALW,81.17,7,CKRK,OPFR,2023-12-28 03:36:56
PJBD,87.47,10,CTNQ,OTWK,2023-10-24 06:05:03
PAWN,84.99,3,CWMR,OPQI,2023-01-22 17:36:04
PFUR,90.91,4,CWIM,OQEZ,2023-07-16 21:06:00
PELO,72.82,4,CVZT,OVWS,2023-03-29 14:20:27
PZDH,81.8,9,CWKE,OHFM,2023-09-29 07:48:56
PHQD,57.25,1,CLTC,OUMK,2023-03-10 12:31:13
PILU,90.04,4,CJWV,OTKD,2023-03-16 06:16:45
PKCY,98.31,1,CSOC,OVNG,2023-08-03 01:30:41
POTC,92.04,10,COKX,OVIE,2023-11-19 03:00:42
PSVG,70.04,4,CIMO,OEVF,2023-08-07 23:08:36
PUTJ,97.37,7,CBGQ,OJPI,2023-02-07 18:40:27
PITM,29.38,8,CIZB,OOFA,2023-04-21 22:46:41
PHUI,49.97,1,CGER,OJOC,2023-08-16 03:47:25
PRGH,47.48,5,CVLU,ODGW,2023-08-14 04:13:15
POSE,90.93,2,CRRQ,OAPL,2023-11-28 09:24:09
PBFE,95.23,2,CQBW,OTAK,2023-06-12 17:06:26
PYNF,57.78,5,CSMJ,OZKX,2023-11-18 12:22:20
PDLW,78.84,9,CVHV,OGMA,2023-02-27 05:57:41
PDVX,46.44,4,CREE,OWFN,2023-06-14 08:04:12
PMFW,22.97,1,CYDH,OHYV,2023-03-20 21:08:24
POTF,25.68,7,CXDO,OQJV,2023-12-26 06:10:02
PVTS,64.3,8,CLKY,OAOC,2023-04-04 06:13:25
PYDR,34.32,7,CJGF,OFHS,2023-01-23 04:18:51
PMCR,21.96,6,CCSY,OQHH,2023-07-11 00:33:50
PQFW,42.88,10,CEYQ,ONVY,2023-12-30 08:05:33
PMNX,15.49,9,CQKV,OUZG,2023-10-19 23:30:33
PWDE,69.39,7,CQCI,ONCA,2023-11-04 20:54:04
PIMB,25.21,9,CZGA,OWTE,2023-06-26 01:01:25
PCTD,78.88,10,CDWQ,OHIU,2023-03-23 14:52:31
PHFC,19.2,9,CLGZ,ORMW,2023-11-16 19:05:19
PZGM,85.77,8,CCAX,OLAP,2023-09-09 10:22:47
PHZA,58.81,7,CWJC,OXOH,2023-02-04 03:11:41
PJBY,48.3,6,CLYQ,OXHJ,2023-10-07 06:04:49
PFSB,82.67,6,CVWI,OONU,2023-11-06 16:02:37
PULO,13.06,4,CMTC,OAGZ,2023-12-21 01:35:15
PXXZ,45.11,2,CYSP,OZZX,2023-08-25 03:47:07
PNTN,19.21,7,CGOA,OUJT,2023-02-27 06:20:48
PMLY,73.82,5,CZQC,OTEX,2023-11-16 11:20:48
PEKM,81.1,1,CYTR,OXKW,2023-11-05 07:08:44
PPAT,78.03,2,COLE,OLRN,2023-11-12 10:37:42
PGZT,46.38,8,CXGJ,OTVH,2023-11-21 19:27:18
PYRZ,51.79,1,CNKQ,OITW,2023-12-06 21:49:53
PRPV,23.77,1,CQDQ,OEUW,2023-03-16 19:19:20
PVEN,26.46,5,CDJD,OMPU,2023-03-24 16:00:16
PATF,85.36,7,CXUY,OBSI,2023-11-12 14:43:55
PUFM,69.96,5,CTZY,OFYY,2023-07-25 01:21:52
PUUB,78.93,10,CERC,OIJH,2023-09-18 01:44:42
PDKF,66.15,3,CITF,OSSX,2023-02-09 07:28:01
PNFY,37.66,6,CRMC,OKBB,2023-06-01 09:56:50
PEPA,21.65,7,CDTK,OVBR,2023-10-11 22:06:20
PBBM,70.86,2,CISG,OOSI,2023-02-24 16:38:59
PTWL,68.08,7,CRSU,OSZH,2023-10-08 00:05:18
PMTZ,97.38,3,CJYE,OZSB,2023-08-26 22:05:28
POIZ,63.34,7,COSO,OUVO,2023-07-05 10:37:15
PEXA,78.67,8,CGYW,OYBO,2023-03-27 10:37:17
PSCB,12.36,6,CZKP,OYOA,2023-06-29 13:06:35
PKZR,63.87,5,CBKF,OMTH,2023-05-29 12:58:08
PKUS,60.23,2,CKEQ,OVOF,2023-07-06 20:57:17
PLLI,44.07,5,CUKL,OIVY,2023-10-12 22:38:03
PRAX,69.19,10,CIWP,OGXN,2023-10-15 12:49:46
PRSM,15.79,2,CWLE,OGBC,2023-03-17 18:27:52
PBNX,68.27,7,CTTR,OKID,2023-03-15 17:16:54
PNAU,83.98,9,CTHS,OKXD,2023-02-21 13:43:32
POHL,21.77,10,CDMA,OHPN,2023-10-03 14:05:53
PYMF,32.74,5,CFCD,OALC,2023-08-17 04:28:49
PZVH,87.93,8,CMVV,OYZI,2023-11-21 13:16:42
PTEB,21.13,10,CJVO,OATA,2023-06-27 19:28:16
PUEU,43.34,3,CRKR,OYAJ,2023-07-28 10:35:39
PGJS,80.82,1,CUWB,OSDJ,2023-12-18 23:17:37
PZAG,48.78,6,CVXL,OHYS,2023-08-18 09:04:53
PVFE,89.86,6,CLUZ,OLPW,2023-08-24 13:26:18
PLKT,77.36,2,COUN,OULI,2023-09-12 19:26:44
PURJ,37.52,8,CMKE,OPPC,2023-10-29 16:49:42
PRHL,12.35,4,CVFO,OGLW,2023-03-06 08:02:01
PBLK,29.09,5,CHRL,OJBI,2023-04-19 01:14:32
PADN,34.97,9,CNFF,OXJX,2023-02-02 09:59:06
PAYM,93.48,4,CPZB,OATG,2023-07-16 11:22:03
PAOE,91.37,6,CEMX,ONXP,2023-05-19 18:37:35
PWHI,74.14,2,CXRR,OSAH,2023-03-14 18:36:52
PJIB,49.97,9,CGUH,ODCT,2023-04-24 08:05:35
PXMJ,79.71,4,CKMA,OKPF,2023-02-25 11:04:48
PIOS,78.12,7,CSTF,ODVT,2023-10-07 06:32:28
PVTK,16.2,2,CLBN,OCJK,2023-02-09 23:05:27
PRWZ,70.81,3,CTAP,OODX,2023-11-28 17:45:42
PYUV,30.12,4,COBK,OFZM,2023-02-18 05:59:20
PSIB,32.59,6,CAFA,OCSH,2023-03-09 10:35:24
PQNA,30.92,9,CSHP,OWWN,2023-03-22 10:55:16
PDHQ,43.11,5,CLUB,OEPD,2023-02-15 23:29:16
PBHK,90.95,8,CTTW,OUES,2023-10-09 21:47:05
PXLZ,39.77,8,CCVD,OKAQ,2023-09-27 08:25:33
PZEQ,88.14,7,CMYC,OTZF,2023-11-02 01:28:36
PBSB,25.65,2,CJME,OFTF,2023-12-25 10:48:20
PAWL,32.14,9,CYCX,OGIL,2023-02-08 09:24:13
PAQK,52.36,6,CGJL,OZGQ,2023-05-12 02:41:33
PWMB,68.28,7,CGCL,ORHU,2023-10-04 06:09:22
PIOR,36.08,9,CDAI,OBYJ,2023-02-18 18:06:20
PWHY,35.03,6,CVRA,OALX,2023-07-29 14:56:55
PAPS,20.38,3,CNLO,OJLR,2023-12-10 14:24:06
PNXI,94.29,10,CFEN,OGJZ,2023-01-02 15:12:50
PZQP,85.13,2,CIAI,OOWC,2023-01-04 23:32:35
PZPZ,31.65,10,CUMX,OITU,2023-12-22 05:47:18
PXDA,72.83,3,CNFC,OREB,2023-03-22 01:14:20
PYBC,99.87,5,CDSX,OULN,2023-10-12 18:01:02
PGDL,45.29,5,CTEK,OEXP,2023-01-05 07:43:12
PZBQ,26.95,4,CCMS,OTGY,2023-04-01 07:19:38
PCYT,63.43,8,CJAZ,OHVE,2023-03-31 10:04:02
PXYG,95.3,7,CCLZ,OQTT,2023-09-30 07:17:14
PAGQ,51.71,1,CZXX,ODLP,2023-09-21 18:49:33
PKAH,30.32,3,CTVA,ORCQ,2023-11-24 23:47:46
PPID,39.16,10,CKUB,OJPE,2023-05-02 06:09:34
PKBD,71.36,6,CNTG,OQLN,2023-09-28 08:16:38
PJKY,75.44,10,CXYV,OJFW,2023-06-12 14:11:20
POHO,99.94,4,CEYW,OPNQ,2023-03-14 06:38:12
PTUL,47.44,8,CVFV,OMPU,2023-10-10 05:15:50
PJSC,47.84,1,CCRU,OVRP,2023-02-05 11:39:11
PBJE,70.43,3,CBXB,OZYT,2023-06-13 08:05:59
PMLJ,52.31,4,CKRL,OUHT,2023-12-06 14:48:10
PJVU,82.67,6,CYTE,OKNW,2023-04-23 13:00:24
PISN,88.16,5,CHUJ,OCED,2023-11-12 11:51:15
PIQS,19.55,5,CDMM,OSTM,2023-11-21 18:43:21
PVCV,97.64,4,CVOI,OKRM,2023-05-15 15:51:08
PPIP,56.07,5,CAFD,OOLN,2023-06-10 00:31:53
PPFY,67.27,7,CNOB,OUFU,2023-06-29 03:26:44
PKLK,88.37,10,COHK,OPUL,2023-08-11 18:21:45
PDBD,66.26,2,CSMX,OKJO,2023-11-12 21:05:42
PHDA,29.05,9,CGCC,OKGR,2023-05-06 11:21:27
PBWB,81.11,2,CCZL,ORVV,2023-08-28 18:35:41
PBRB,54.85,1,CRMO,OHLM,2023-09-04 12:36:00
PWNL,85.85,3,CHRC,OSXL,2023-03-21 06:41:51
PXEG,64.8,8,CTXT,OQRA,2023-10-31 22:50:55
PYXD,58.41,1,CFCO,OYTT,2023-08-22 13:13:39
PHQV,40.62,5,CYFA,ORED,2023-02-03 11:46:13
PVCV,26.97,3,CUSC,OWCU,2023-03-15 11:12:43
PRAI,75.04,8,CVRA,OQKV,2023-11-10 21:53:34
PNGP,30.4,1,CIAJ,OVTM,2023-12-14 08:54:13
PLAA,86.81,8,CHLX,OTNU,2023-11-16 22:46:53
PJBT,69.57,6,CPXO,ORQH,2023-11-29 04:21:48
PHBU,42.58,9,CHUE,OHTS,2023-02-23 04:11:25
PJZX,93.67,5,CWZE,OOGN,2023-08-19 12:07:30
PKGM,35.69,1,CQCG,OBMT,2023-10-26 10:28:19
PXMD,70.4,2,CMBF,OVKQ,2023-09-12 12:38:52
PJNA,33.77,1,CBNX,OPHA,2023-12-13 15:31:50
PVWH,79.67,6,CVCK,ONCB,2023-08-02 01:39:26
PCME,92.58,5,CQXQ,OWTQ,2023-11-09 04:56:01
PMXG,80.59,2,CWZO,OEAZ,2023-11-18 02:56:25
PTSW,63.54,1,CCMD,OAUD,2023-02-19 05:40:56
PJZJ,56.96,7,CLLQ,OJSI,2023-01-02 18:41:54
PHWD,53.79,3,CHYD,OLFA,2023-07-28 01:44:06
PJKU,72.45,8,CTLF,OYIZ,2023-06-06 04:02:24
PBCW,74.75,1,CRFY,OVSF,2023-01-27 21:52:10
PBBZ,30.41,5,CSRZ,OOFY,2023-06-21 05:58:26
PKDC,95.36,1,CDHH,OHDN,2023-09-23 11:41:27
PQKN,76.63,9,CLNB,OKCE,2023-03-10 14:02:14
PLLL,80.9,8,CUWK,OKVV,2023-01-23 01:22:32
PTPM,48.69,8,CSNF,OQPB,2023-03-04 03:23:32
PBNZ,10.49,5,CNWE,OJCY,2023-08-29 09:45:56
PXTK,96.45,9,CVEZ,OMAF,2023-06-06 22:03:09
PONE,66.38,10,CYRN,OLAB,2023-04-04 18:14:50
PQHO,76.79,6,CZKN,OBWQ,2023-11-03 07:18:52
PPCT,11.35,5,CUZC,OMUF,2023-01-29 16:32:15
PPQI,56.83,5,CKGN,OYOR,2023-11-17 18:21:33
PLNA,64.34,9,CFXQ,OVOX,2023-11-12 13:13:02
PJGE,45.24,6,COXI,OPXX,2023-07-06 16:50:12
PPVI,37.84,3,CUXX,OZND,2023-11-22 15:53:20
POIA,32.67,6,CQBR,OKYL,2023-11-19 16:51:25
PILA,26.98,8,CTCZ,OXMU,2023-10-10 19:16:00
PQQF,73.27,8,CYYK,ORKN,2023-06-20 02:56:05
PELM,84.83,3,CJZA,OXGJ,2023-11-30 02:11:18
PXZS,44.55,5,CSZC,OHVI,2023-02-19 14:08:19
PSZJ,25.53,5,CXID,OCAJ,2023-08-01 09:15:35
PMXX,85.78,3,CUWW,OZGK,2023-10-01 10:30:03
PTAV,20.39,9,CVTK,ODVH,2023-06-18 10:08:53
POIQ,22.72,7,CEKB,OKVO,2023-07-19 23:45:38
PDSY,90.81,6,CRGR,OBDM,2023-12-04 11:27:27
PMFJ,16.86,1,CGBT,OZFY,2023-04-20 21:08:18
PQHD,83.9,9,CEMB,OZGJ,2023-07-18 11:16:30
POJK,84.56,8,CFSR,OTBY,2023-08-14 15:02:36
PEGX,54.75,3,CITS,OJJV,2023-11-30 14:45:30
PTGE,43.85,4,CAPV,OTHL,2023-08-04 14:12:24
PMSG,80.65,6,CPCT,OISO,2023-10-01 15:07:32
PEQT,92.37,1,CMXJ,OOKD,2023-09-12 05:51:03
PTTR,55.23,1,CFHR,ODXS,2023-01-07 18:08:37
PLQT,86.79,3,CHUG,OIAP,2023-05-15 18:07:21
PPWF,14.25,3,CFQC,OGFG,2023-11-08 11:05:22
PRXH,25.02,9,CQLI,OPWG,2023-07-25 07:32:07
PCKO,87.23,5,CNNZ,OQPA,2023-06-06 05:41:38
PLGZ,69.58,10,CKXO,ONQP,2023-12-08 02:45:53
PZBW,34.32,3,CLGU,OYDT,2023-12-05 18:04:21
PZHN,17.29,10,CPWJ,ONHI,2023-12-03 16:28:48
POSF,96.75,6,CRGW,OMGX,2023-01-08 16:12:10
PLTD,15.86,8,CWRR,OPEV,2023-01-28 21:51:39
POOV,42.88,6,CZTU,OEAU,2023-07-22 01:31:19
PHQS,36.8,6,CUPH,OWYN,2023-10-02 06:38:55
PKAY,98.84,4,CTJE,OWMZ,2023-06-24 01:45:50
PASZ,81.53,7,CWLX,OIYK,2023-09-28 11:07:47
PWRV,51.9,4,CQVO,OSYY,2023-02-05 15:28:59
PZOT,79.06,8,CGSP,OYON,2023-09-06 05:37:28
PZAN,24.35,4,CAIL,OJSB,2023-09-03 06:47:01
PHPP,29.89,7,CLSQ,OTRX,2023-09-14 17:42:35
PIDR,91.63,8,CWGU,OWQA,2023-11-03 04:20:14
PBDF,13.95,7,CCOL,OZEO,2023-07-21 03:27:29
PLMC,47.64,2,CSZG,OYRO,2023-06-18 23:57:02
PZEH,11.35,5,CTWV,OXEG,2023-09-14 12:46:55
PJJU,38.65,6,CURW,OBWQ,2023-01-24 14:13:34
PRMT,41.04,10,CPKS,OGAI,2023-08-03 08:59:04
PEYI,19.48,6,CPAH,OGWC,2023-11-17 00:36:02
PQTD,39.48,3,CMJK,OVSU,2023-04-23 03:49:34
PGJH,73.06,9,CYOV,OPJP,2023-03-08 07:57:05
PLMJ,62.55,9,CGGP,OCTE,2023-11-30 08:24:03
PHNP,20.32,7,CMKY,ODYN,2023-01-08 22:54:14
PTIU,25.03,4,CQNO,OUNT,2023-07-15 08:32:08
PIOG,40.41,10,CZFW,OXYR,2023-03-09 02:48:30
PSYJ,96.31,9,CUTU,ODLX,2023-03-01 08:45:09
PFMK,97.7,2,CVXY,OPAV,2023-11-26 12:43:15
PKPQ,53.44,3,CALF,OUHM,2023-02-26 23:28:15
PUUW,15.41,7,CBNL,OAUB,2023-05-30 23:57:23
PDNU,72.59,4,CBUK,ODXH,2023-03-06 18:35:21
PSBV,15.69,4,CHEJ,OTHT,2023-10-11 05:56:01
PQNT,77.76,7,CYDU,ORXH,2023-08-19 13:36:21
PJQE,52.72,7,CPZX,OFUC,2023-08-16 11:43:00
PQTO,82.42,8,CLVA,OCXG,2023-10-19 10:22:20
PBYL,31.82,5,CVZS,OKWJ,2023-11-25 21:35:04
PCEQ,44.71,3,CEEE,OHGI,2023-07-16 19:21:57
PAUW,50.29,2,CLLK,OFUK,2023-07-15 02:21:32
PJCM,29.43,7,CIUS,OOVI,2023-11-13 17:01:26
PTWB,39.3,7,CUPM,OYEK,2023-06-11 03:36:19
PLZG,16.02,9,CBNU,OCJG,2023-09-29 16:59:18
PLES,95.49,4,CUGX,OOGD,2023-10-02 05:52:02
PVIW,34.87,6,CHWI,OBAZ,2023-07-26 11:23:58
PKGX,54.37,9,CEOL,ORXJ,2023-12-03 00:12:43
PPZF,98.01,8,COPI,ORMU,2023-05-19 20:49:38
PSMX,54.19,5,CMCP,OZYU,2023-06-15 02:07:48
PKOH,35.67,7,CKKO,ODRV,2023-05-15 22:21:53
PZLO,92.23,6,CVDS,OKEP,2023-01-05 23:26:49
PSTH,27.88,8,CFYO,OWLV,2023-01-07 16:33:35
PAMT,46.92,8,CNEC,OQPX,2023-07-08 15:29:37
PYXO,60.85,10,CIWW,OMNP,2023-05-26 00:39:10
PNHC,78.05,2,CFXG,OKUV,2023-03-02 03:35:48
PPTK,65.26,5,CVED,OQNG,2023-01-09 16:02:28
PQXX,76.82,1,CROO,OFLF,2023-08-19 21:24:29
PFTM,73.95,4,CUNR,OIRY,2023-06-10 16:20:43
PEGO,43.38,5,CCOD,ONVV,2023-03-03 12:24:34
PLML,19.7,2,CZKJ,OKSV,2023-11-29 08:40:03
PMLK,89.55,9,CTND,OYIV,2023-07-04 23:49:10
PZGA,90.41,6,CPDP,OATH,2023-10-14 13:40:54
PHVP,99.67,9,CLBS,OJYP,2023-07-20 15:12:13
PSYZ,66.18,2,CSYR,OXHU,2023-07-29 03:21:41
PKYY,69.29,2,CGBI,OSLO,2023-11-16 12:14:28
PYBA,13.75,2,CJLR,OJLK,2023-12-21 10:14:54
PDFU,21.61,3,CUCS,ODTG,2023-04-24 18:51:53
PDRK,56.02,10,CCPR,OGGN,2023-10-26 23:27:35
PRZT,52.29,2,CDNV,OIKX,2023-07-22 04:29:09
PLTF,68.8,10,CNNI,OTHV,2023-06-05 10:32:07
PQSW,81.92,3,CPXS,OCQK,2023-04-17 08:03:45
PFKC,60.28,9,CTJV,OUWR,2023-10-08 13:54:49
PJLS,38.15,10,CMBC,OQEC,2023-07-12 19:01:45
PVRR,55.89,2,CIEV,OPEC,2023-05-05 01:39:50
PAEL,96.0,10,CSCS,OQUM,2023-02-16 00:52:28
PFSZ,74.51,6,CQQK,OXFC,2023-04-10 15:35:03
PSAA,44.57,4,CRCB,OOQA,2023-01-14 03:49:01
PEML,63.37,7,CIUG,ODKH,2023-02-12 20:30:42
PRYC,33.01,3,CNMQ,OLIY,2023-07-27 17:07:08
PRMO,24.0,8,CDTC,OCPU,2023-09-17 23:13:26
PGTM,42.15,7,CNJF,OLME,2023-05-12 19:58:02
PPTU,44.97,3,CBPJ,OKDY,2023-08-24 12:05:56
PTLE,97.73,3,CFQI,OGSU,2023-03-21 19:23:40
PFJR,62.5,5,CKTH,OLJC,2023-07-15 16:09:41
PTGI,21.74,5,CMCH,OIYC,2023-03-30 08:57:03
PVIY,19.94,2,CWXE,OTBP,2023-07-21 04:23:57
POQF,92.57,5,CTOX,OULF,2023-11-24 09:41:56
PPMD,19.5,7,CQYX,OXNL,2023-12-19 04:45:09
PCLZ,69.04,10,CKJU,OZKW,2023-01-22 22:03:18
PNOT,51.99,2,CYAP,ORWH,2023-12-06 05:16:13
PYTD,99.93,1,COUZ,OIAK,2023-09-22 11:42:44
PSDA,93.87,8,CQSB,OYJY,2023-05-26 10:54:50
PIVS,20.63,3,CPAF,OOJV,2023-07-03 01:30:45
PBZZ,78.33,10,CNHG,OEGS,2023-08-21 02:39:13
PZRK,31.96,7,CMYJ,OWKZ,2023-11-10 04:05:03
PMJH,91.12,8,CULI,OBBQ,2023-11-06 00:19:18
PCSK,98.53,6,CHXP,OQFQ,2023-06-29 15:14:04
PXZC,83.46,5,COKH,OPAP,2023-01-02 16:18:55
PMYF,79.17,8,CVOA,OPOM,2023-08-05 23:17:42
PUEN,64.06,3,CKAM,OWPT,2023-10-13 05:29:34
PHCL,97.9,8,CZCX,OCUR,2023-08-01 18:28:30
PCND,11.61,3,CEHR,OISM,2023-01-06 01:43:06
PUHE,60.24,1,CMXB,OPMD,2023-04-28 12:31:53
PSKC,69.58,6,CIFO,ONVE,2023-10-12 09:57:55
PLOH,56.95,7,CFFI,OWRR,2023-07-31 16:40:46
PHJP,78.91,7,CIXH,OIBP,2023-11-30 22:55:51
PLRP,59.23,3,CQKF,OZPB,2023-06-07 22:14:01
PESO,33.35,3,CPWP,OIWB,2023-11-04 00:53:12
PKMQ,70.56,1,CBUI,OMQO,2023-09-12 17:20:10
PNYO,39.04,9,CYGQ,OYTT,2023-02-26 05:26:30
PBTF,58.41,2,CKRR,OVII,2023-07-27 22:09:24
PHMU,91.65,8,CSOQ,OCQX,2023-10-19 16:19:45
PJQD,29.79,8,CJZE,ONKC,2023-01-28 05:47:55
PSUA,76.36,8,CARC,ORQW,2023-01-02 00:28:53
POWV,79.89,7,CMGE,OMGK,2023-08-21 11:00:56
PECQ,73.47,8,CWWQ,OHXM,2023-06-27 00:19:35
PAYK,24.84,5,CXJI,OCAR,2023-07-05 23:31:26
PERK,28.42,9,CVGQ,OGAO,2023-06-17 07:47:32
PCRG,73.68,4,CVBM,OFHI,2023-02-27 05:07:24
PBZM,88.42,8,CWQC,OSCQ,2023-03-14 20:11:40
PKXT,33.7,1,CXKK,OQBX,2023-04-21 15:58:19
PQBM,50.47,10,CNXD,ODDX,2023-01-21 02:51:17
PWQW,86.87,9,CDVF,OLHY,2023-06-10 10:55:20
PMDT,64.77,7,CNAL,OUYH,2023-03-23 12:30:28
PHYQ,76.4,1,CECS,OKCX,2023-08-11 23:46:20
PEMG,46.75,9,CSPP,OXRX,2023-08-16 11:00:53
PUAB,37.82,1,CJCE,OUVI,2023-12-02 17:29:21
PPLU,32.22,5,CLFQ,OIOX,2023-01-21 17:58:18
PPDQ,37.44,3,CDHU,OBCZ,2023-07-31 07:34:51
PWCE,94.33,8,CHAD,OXSO,2023-05-17 22:48:02
PPTB,40.57,5,COFQ,ODDJ,2023-08-07 22:53:59
PLAY,99.38,9,CQQJ,OPOJ,2023-03-23 16:52:18
PTEL,21.91,7,CLYK,OBET,2023-09-26 01:43:10
PGRK,29.91,9,CBRS,OEVZ,2023-07-03 17:57:08
PKPJ,40.4,4,CODU,OOLM,2023-10-06 02:45:40
PVRR,83.59,7,CGRI,OQWX,2023-04-11 23:40:56
PYSG,19.66,2,CPQI,OSRH,2023-06-04 07:09:47
PACN,45.13,10,CNTB,OJIE,2023-04-17 10:30:36
PCRY,94.54,4,CTPV,OAME,2023-12-30 22:44:23
PEAQ,53.47,10,CJJS,OUBI,2023-12-10 12:50:42
PISK,10.47,3,CBNG,OYMQ,2023-09-29 00:46:50
PDPP,33.74,2,CKXV,ONEB,2023-05-01 12:20:55
PERN,18.57,2,COTS,OIUL,2023-07-25 04:52:41
PYBS,44.89,9,CGXT,OZKS,2023-09-08 15:04:45
PUQB,34.11,6,CABY,OOIB,2023-01-11 01:17:48
PJSL,15.52,2,CRRG,OLXJ,2023-10-31 07:29:54
PTXD,28.07,4,CEJT,OCQG,2023-02-27 03:09:31
PKNQ,23.85,4,CLID,OMGD,2023-11-28 11:58:21
PDBN,97.13,8,CHGE,OTFR,2023-02-01 05:44:25
PSOF,35.46,9,CNMB,OYHU,2023-05-05 05:15:30
PMQA,92.47,8,CTUQ,OSYB,2023-02-23 18:06:55
PGVU,32.9,6,CRDI,OAXG,2023-06-09 14:11:25
PKIL,92.01,3,COHO,OTHF,2023-11-30 13:22:32
PTFS,50.54,7,CQVL,OLMO,2023-12-19 09:34:09
PFTK,81.2,6,CZWY,OGWS,2023-06-12 04:43:27
PWBG,58.34,1,CHOL,OOBP,2023-02-21 20:34:43
PJVL,69.49,6,CHTH,OGYZ,2023-07-28 21:48:09
PMXW,80.1,7,CVFO,OUHA,2023-03-04 05:53:21
PRNU,62.41,2,CWAE,OEAZ,2023-11-07 13:17:08
PERN,75.05,9,CEBZ,OMTS,2023-11-02 22:11:59
POHR,79.37,3,CRGD,OYCR,2023-09-01 01:17:03
PFPM,81.85,4,CURA,OACB,2023-04-11 06:44:48
PQTY,33.24,7,CIUB,OFPB,2023-07-08 02:38:31
PDFZ,34.81,1,CUKL,OJYQ,2023-06-23 15:14:14
PPAP,84.54,6,CBTR,OTAB,2023-03-07 07:02:58
PKPH,79.55,1,COIO,OZGB,2023-05-30 19:35:42
PIKY,38.54,2,CMZL,OADS,2023-08-23 11:23:42
PDJG,67.02,7,CKPY,OEEF,2023-04-09 19:23:06
PFGC,19.5,2,CQSS,OAVZ,2023-07-16 06:22:44
PAWM,70.64,9,CWHR,OADQ,2023-04-08 15:44:58
PSFP,94.72,10,CXTM,OKWX,2023-10-30 14:56:28
PDEK,48.58,7,CDDA,OCKB,2023-03-27 08:18:20
PNCY,45.49,10,COLO,OWDG,2023-05-01 03:23:22
PZCG,79.01,7,CDLL,OMJV,2023-12-10 19:09:47
PPQY,17.28,2,CKNX,OVSV,2023-12-13 22:13:05
PPAJ,38.21,9,CGMB,OYDT,2023-11-02 16:52:56
PQFT,59.17,2,CPCX,OUUJ,2023-09-01 03:44:12
PFYC,23.8,3,CING,OAYE,2023-04-23 02:01:03
PNBU,74.41,8,COQX,OPIS,2023-01-23 18:22:18
POZB,59.26,2,CVZB,OBSB,2023-07-31 14:10:38
PIGY,16.36,5,CLOT,OLMS,2023-09-28 09:42:57
PNUU,47.16,2,CQMA,OLQI,2023-12-04 14:30:44
PUHU,63.1,8,CFNQ,OHAT,2023-01-20 21:18:03
PHWU,41.48,4,CFSQ,OBGL,2023-05-07 09:22:55
PCAU,13.85,4,CXTE,OBEZ,2023-02-26 05:24:50
PMTS,11.68,8,CZMU,ODDW,2023-12-02 15:19:38
PJOX,72.61,4,CUHM,OSTT,2023-12-17 02:53:09
PXHB,69.29,7,CUIL,OFBK,2023-04-27 10:47:59
PCMO,24.87,7,CXDP,OPMV,2023-11-25 18:23:06
PRPI,40.08,5,CTGB,OACL,2023-03-22 18:19:24
PUBF,27.68,1,CRFV,OBEL,2023-08-15 03:02:36
PPGI,55.18,3,CBWM,OAYN,2023-10-24 04:19:40
PYZC,81.59,8,CSXR,OTZK,2023-11-28 17:18:51
PYAR,95.92,3,CIRC,OGYV,2023-02-10 11:37:29
PELW,72.18,1,CKTR,OGRT,2023-01-05 13:35:23
PUVF,85.42,2,CPGN,OCEP,2023-12-07 01:16:09
PJDA,38.24,2,CEEO,OMOE,2023-07-13 03:07:45
PJKW,83.7,7,CMRT,OMWQ,2023-06-29 03:55:55
PLUZ,70.0,6,CSKY,ODCV,2023-09-17 22:58:32
PCZD,49.03,7,CNOF,OYZE,2023-10-31 18:43:56
PKDZ,16.7,7,CPOP,OOGK,2023-11-23 05:50:16
PCTK,76.17,10,CFWX,OFYH,2023-12-12 03:54:10
PHKQ,19.48,3,CKII,OWDF,2023-09-03 16:23:03
PPGS,99.92,3,CXOB,OAVN,2023-12-11 22:03:57
PUKL,64.28,10,CCEF,OGCS,2023-08-06 21:32:25
PEMQ,75.45,8,CMTL,OIRM,2023-04-19 22:21:03
PCEM,97.12,8,CEII,OGWV,2023-04-23 07:26:33
PABZ,21.54,2,CRGZ,OVTT,2023-01-28 05:25:10
PHSQ,78.74,2,CVKI,OHFN,2023-01-16 23:29:13
PBML,74.99,5,CAFW,OQWT,2023-09-02 16:26:17
PWAF,37.55,7,CXDZ,ORLC,2023-10-10 20:18:33
PYFS,97.31,3,CMFJ,OAKV,2023-06-23 01:09:51
PHMU,16.88,5,CERQ,OSKR,2023-09-23 13:24:18
PKHE,97.65,5,CMAI,OXZM,2023-06-23 09:13:13
PHQW,37.46,2,CDAX,OAUM,2023-04-06 00:39:24
